num_removed_features,fraction_removed,removed_features,rge_curve_value
0,0.0,none,1.0
1,0.01639344262295082,purpose_domestic appliance,0.9999985961434525
2,0.03278688524590164,purpose_domestic appliance; savings_status_500less_than_=Xless_than_1000,0.999990395774741
3,0.04918032786885246,purpose_domestic appliance; savings_status_500less_than_=Xless_than_1000; personal_status_male mar/wid,0.9999756200328606
4,0.06557377049180328,purpose_domestic appliance; savings_status_500less_than_=Xless_than_1000; personal_status_male mar/wid; purpose_retraining,0.9999500355804043
5,0.08196721311475409,purpose_domestic appliance; savings_status_500less_than_=Xless_than_1000; personal_status_male mar/wid; purpose_retraining; other_payment_plans_stores,0.9999137009111445
6,0.09836065573770492,purpose_domestic appliance; savings_status_500less_than_=Xless_than_1000; personal_status_male mar/wid; purpose_retraining; other_payment_plans_stores; purpose_business,0.9998419036963175
7,0.11475409836065574,purpose_domestic appliance; savings_status_500less_than_=Xless_than_1000; personal_status_male mar/wid; purpose_retraining; other_payment_plans_stores; purpose_business; job_unemp/unskilled non res,0.99975379782718
8,0.13114754098360656,purpose_domestic appliance; savings_status_500less_than_=Xless_than_1000; personal_status_male mar/wid; purpose_retraining; other_payment_plans_stores; purpose_business; job_unemp/unskilled non res; job_unskilled resident,0.999636013654231
9,0.14754098360655737,purpose_domestic appliance; savings_status_500less_than_=Xless_than_1000; personal_status_male mar/wid; purpose_retraining; other_payment_plans_stores; purpose_business; job_unemp/unskilled non res; job_unskilled resident; checking_status_>=200,0.999506832479373
10,0.16393442622950818,purpose_domestic appliance; savings_status_500less_than_=Xless_than_1000; personal_status_male mar/wid; purpose_retraining; other_payment_plans_stores; purpose_business; job_unemp/unskilled non res; job_unskilled resident; checking_status_>=200; other_parties_co applicant,0.9993214540625696
11,0.18032786885245902,purpose_domestic appliance; savings_status_500less_than_=Xless_than_1000; personal_status_male mar/wid; purpose_retraining; other_payment_plans_stores; purpose_business; job_unemp/unskilled non res; job_unskilled resident; checking_status_>=200; other_parties_co applicant; purpose_furniture/equipment,0.9991864156795063
12,0.19672131147540983,purpose_domestic appliance; savings_status_500less_than_=Xless_than_1000; personal_status_male mar/wid; purpose_retraining; other_payment_plans_stores; purpose_business; job_unemp/unskilled non res; job_unskilled resident; checking_status_>=200; other_parties_co applicant; purpose_furniture/equipment; credit_history_all paid,0.9989649667704475
13,0.21311475409836064,purpose_domestic appliance; savings_status_500less_than_=Xless_than_1000; personal_status_male mar/wid; purpose_retraining; other_payment_plans_stores; purpose_business; job_unemp/unskilled non res; job_unskilled resident; checking_status_>=200; other_parties_co applicant; purpose_furniture/equipment; credit_history_all paid; purpose_other,0.9990019368579574
14,0.22950819672131148,purpose_domestic appliance; savings_status_500less_than_=Xless_than_1000; personal_status_male mar/wid; purpose_retraining; other_payment_plans_stores; purpose_business; job_unemp/unskilled non res; job_unskilled resident; checking_status_>=200; other_parties_co applicant; purpose_furniture/equipment; credit_history_all paid; purpose_other; employment_>=7,0.9987593791692043
15,0.2459016393442623,purpose_domestic appliance; savings_status_500less_than_=Xless_than_1000; personal_status_male mar/wid; purpose_retraining; other_payment_plans_stores; purpose_business; job_unemp/unskilled non res; job_unskilled resident; checking_status_>=200; other_parties_co applicant; purpose_furniture/equipment; credit_history_all paid; purpose_other; employment_>=7; personal_status_male div/sep,0.9986009311922557
16,0.26229508196721313,purpose_domestic appliance; savings_status_500less_than_=Xless_than_1000; personal_status_male mar/wid; purpose_retraining; other_payment_plans_stores; purpose_business; job_unemp/unskilled non res; job_unskilled resident; checking_status_>=200; other_parties_co applicant; purpose_furniture/equipment; credit_history_all paid; purpose_other; employment_>=7; personal_status_male div/sep; job_high qualif/self emp/mgmt,0.9983122468500616
17,0.2786885245901639,purpose_domestic appliance; savings_status_500less_than_=Xless_than_1000; personal_status_male mar/wid; purpose_retraining; other_payment_plans_stores; purpose_business; job_unemp/unskilled non res; job_unskilled resident; checking_status_>=200; other_parties_co applicant; purpose_furniture/equipment; credit_history_all paid; purpose_other; employment_>=7; personal_status_male div/sep; job_high qualif/self emp/mgmt; property_magnitude_car,0.9979317818686865
18,0.29508196721311475,purpose_domestic appliance; savings_status_500less_than_=Xless_than_1000; personal_status_male mar/wid; purpose_retraining; other_payment_plans_stores; purpose_business; job_unemp/unskilled non res; job_unskilled resident; checking_status_>=200; other_parties_co applicant; purpose_furniture/equipment; credit_history_all paid; purpose_other; employment_>=7; personal_status_male div/sep; job_high qualif/self emp/mgmt; property_magnitude_car; credit_history_delayed previously,0.9976907889313787
19,0.3114754098360656,purpose_domestic appliance; savings_status_500less_than_=Xless_than_1000; personal_status_male mar/wid; purpose_retraining; other_payment_plans_stores; purpose_business; job_unemp/unskilled non res; job_unskilled resident; checking_status_>=200; other_parties_co applicant; purpose_furniture/equipment; credit_history_all paid; purpose_other; employment_>=7; personal_status_male div/sep; job_high qualif/self emp/mgmt; property_magnitude_car; credit_history_delayed previously; foreign_worker_no,0.9974969524449642
20,0.32786885245901637,purpose_domestic appliance; savings_status_500less_than_=Xless_than_1000; personal_status_male mar/wid; purpose_retraining; other_payment_plans_stores; purpose_business; job_unemp/unskilled non res; job_unskilled resident; checking_status_>=200; other_parties_co applicant; purpose_furniture/equipment; credit_history_all paid; purpose_other; employment_>=7; personal_status_male div/sep; job_high qualif/self emp/mgmt; property_magnitude_car; credit_history_delayed previously; foreign_worker_no; property_magnitude_life insurance,0.9974999995985365
21,0.3442622950819672,purpose_domestic appliance; savings_status_500less_than_=Xless_than_1000; personal_status_male mar/wid; purpose_retraining; other_payment_plans_stores; purpose_business; job_unemp/unskilled non res; job_unskilled resident; checking_status_>=200; other_parties_co applicant; purpose_furniture/equipment; credit_history_all paid; purpose_other; employment_>=7; personal_status_male div/sep; job_high qualif/self emp/mgmt; property_magnitude_car; credit_history_delayed previously; foreign_worker_no; property_magnitude_life insurance; employment_1less_than_=Xless_than_4,0.9976406093481446
22,0.36065573770491804,purpose_domestic appliance; savings_status_500less_than_=Xless_than_1000; personal_status_male mar/wid; purpose_retraining; other_payment_plans_stores; purpose_business; job_unemp/unskilled non res; job_unskilled resident; checking_status_>=200; other_parties_co applicant; purpose_furniture/equipment; credit_history_all paid; purpose_other; employment_>=7; personal_status_male div/sep; job_high qualif/self emp/mgmt; property_magnitude_car; credit_history_delayed previously; foreign_worker_no; property_magnitude_life insurance; employment_1less_than_=Xless_than_4; purpose_repairs,0.9971179324775511
23,0.3770491803278688,purpose_domestic appliance; savings_status_500less_than_=Xless_than_1000; personal_status_male mar/wid; purpose_retraining; other_payment_plans_stores; purpose_business; job_unemp/unskilled non res; job_unskilled resident; checking_status_>=200; other_parties_co applicant; purpose_furniture/equipment; credit_history_all paid; purpose_other; employment_>=7; personal_status_male div/sep; job_high qualif/self emp/mgmt; property_magnitude_car; credit_history_delayed previously; foreign_worker_no; property_magnitude_life insurance; employment_1less_than_=Xless_than_4; purpose_repairs; residence_since,0.9969557907280457
24,0.39344262295081966,purpose_domestic appliance; savings_status_500less_than_=Xless_than_1000; personal_status_male mar/wid; purpose_retraining; other_payment_plans_stores; purpose_business; job_unemp/unskilled non res; job_unskilled resident; checking_status_>=200; other_parties_co applicant; purpose_furniture/equipment; credit_history_all paid; purpose_other; employment_>=7; personal_status_male div/sep; job_high qualif/self emp/mgmt; property_magnitude_car; credit_history_delayed previously; foreign_worker_no; property_magnitude_life insurance; employment_1less_than_=Xless_than_4; purpose_repairs; residence_since; personal_status_female div/dep/mar,0.9964784616947246
25,0.4098360655737705,purpose_domestic appliance; savings_status_500less_than_=Xless_than_1000; personal_status_male mar/wid; purpose_retraining; other_payment_plans_stores; purpose_business; job_unemp/unskilled non res; job_unskilled resident; checking_status_>=200; other_parties_co applicant; purpose_furniture/equipment; credit_history_all paid; purpose_other; employment_>=7; personal_status_male div/sep; job_high qualif/self emp/mgmt; property_magnitude_car; credit_history_delayed previously; foreign_worker_no; property_magnitude_life insurance; employment_1less_than_=Xless_than_4; purpose_repairs; residence_since; personal_status_female div/dep/mar; credit_history_existing paid,0.9962363356468992
26,0.4262295081967213,purpose_domestic appliance; savings_status_500less_than_=Xless_than_1000; personal_status_male mar/wid; purpose_retraining; other_payment_plans_stores; purpose_business; job_unemp/unskilled non res; job_unskilled resident; checking_status_>=200; other_parties_co applicant; purpose_furniture/equipment; credit_history_all paid; purpose_other; employment_>=7; personal_status_male div/sep; job_high qualif/self emp/mgmt; property_magnitude_car; credit_history_delayed previously; foreign_worker_no; property_magnitude_life insurance; employment_1less_than_=Xless_than_4; purpose_repairs; residence_since; personal_status_female div/dep/mar; credit_history_existing paid; own_telephone_yes,0.9957313289418858
27,0.4426229508196721,purpose_domestic appliance; savings_status_500less_than_=Xless_than_1000; personal_status_male mar/wid; purpose_retraining; other_payment_plans_stores; purpose_business; job_unemp/unskilled non res; job_unskilled resident; checking_status_>=200; other_parties_co applicant; purpose_furniture/equipment; credit_history_all paid; purpose_other; employment_>=7; personal_status_male div/sep; job_high qualif/self emp/mgmt; property_magnitude_car; credit_history_delayed previously; foreign_worker_no; property_magnitude_life insurance; employment_1less_than_=Xless_than_4; purpose_repairs; residence_since; personal_status_female div/dep/mar; credit_history_existing paid; own_telephone_yes; num_dependents,0.9954918967439476
28,0.45901639344262296,purpose_domestic appliance; savings_status_500less_than_=Xless_than_1000; personal_status_male mar/wid; purpose_retraining; other_payment_plans_stores; purpose_business; job_unemp/unskilled non res; job_unskilled resident; checking_status_>=200; other_parties_co applicant; purpose_furniture/equipment; credit_history_all paid; purpose_other; employment_>=7; personal_status_male div/sep; job_high qualif/self emp/mgmt; property_magnitude_car; credit_history_delayed previously; foreign_worker_no; property_magnitude_life insurance; employment_1less_than_=Xless_than_4; purpose_repairs; residence_since; personal_status_female div/dep/mar; credit_history_existing paid; own_telephone_yes; num_dependents; savings_status_100less_than_=Xless_than_500,0.9950620374443198
29,0.47540983606557374,purpose_domestic appliance; savings_status_500less_than_=Xless_than_1000; personal_status_male mar/wid; purpose_retraining; other_payment_plans_stores; purpose_business; job_unemp/unskilled non res; job_unskilled resident; checking_status_>=200; other_parties_co applicant; purpose_furniture/equipment; credit_history_all paid; purpose_other; employment_>=7; personal_status_male div/sep; job_high qualif/self emp/mgmt; property_magnitude_car; credit_history_delayed previously; foreign_worker_no; property_magnitude_life insurance; employment_1less_than_=Xless_than_4; purpose_repairs; residence_since; personal_status_female div/dep/mar; credit_history_existing paid; own_telephone_yes; num_dependents; savings_status_100less_than_=Xless_than_500; employment_unemployed,0.9948131716326394
30,0.4918032786885246,purpose_domestic appliance; savings_status_500less_than_=Xless_than_1000; personal_status_male mar/wid; purpose_retraining; other_payment_plans_stores; purpose_business; job_unemp/unskilled non res; job_unskilled resident; checking_status_>=200; other_parties_co applicant; purpose_furniture/equipment; credit_history_all paid; purpose_other; employment_>=7; personal_status_male div/sep; job_high qualif/self emp/mgmt; property_magnitude_car; credit_history_delayed previously; foreign_worker_no; property_magnitude_life insurance; employment_1less_than_=Xless_than_4; purpose_repairs; residence_since; personal_status_female div/dep/mar; credit_history_existing paid; own_telephone_yes; num_dependents; savings_status_100less_than_=Xless_than_500; employment_unemployed; other_parties_none,0.9942059973278456
31,0.5081967213114754,purpose_domestic appliance; savings_status_500less_than_=Xless_than_1000; personal_status_male mar/wid; purpose_retraining; other_payment_plans_stores; purpose_business; job_unemp/unskilled non res; job_unskilled resident; checking_status_>=200; other_parties_co applicant; purpose_furniture/equipment; credit_history_all paid; purpose_other; employment_>=7; personal_status_male div/sep; job_high qualif/self emp/mgmt; property_magnitude_car; credit_history_delayed previously; foreign_worker_no; property_magnitude_life insurance; employment_1less_than_=Xless_than_4; purpose_repairs; residence_since; personal_status_female div/dep/mar; credit_history_existing paid; own_telephone_yes; num_dependents; savings_status_100less_than_=Xless_than_500; employment_unemployed; other_parties_none; existing_credits,0.9938515845461124
32,0.5245901639344263,purpose_domestic appliance; savings_status_500less_than_=Xless_than_1000; personal_status_male mar/wid; purpose_retraining; other_payment_plans_stores; purpose_business; job_unemp/unskilled non res; job_unskilled resident; checking_status_>=200; other_parties_co applicant; purpose_furniture/equipment; credit_history_all paid; purpose_other; employment_>=7; personal_status_male div/sep; job_high qualif/self emp/mgmt; property_magnitude_car; credit_history_delayed previously; foreign_worker_no; property_magnitude_life insurance; employment_1less_than_=Xless_than_4; purpose_repairs; residence_since; personal_status_female div/dep/mar; credit_history_existing paid; own_telephone_yes; num_dependents; savings_status_100less_than_=Xless_than_500; employment_unemployed; other_parties_none; existing_credits; job_skilled,0.9931209716915682
33,0.5409836065573771,purpose_domestic appliance; savings_status_500less_than_=Xless_than_1000; personal_status_male mar/wid; purpose_retraining; other_payment_plans_stores; purpose_business; job_unemp/unskilled non res; job_unskilled resident; checking_status_>=200; other_parties_co applicant; purpose_furniture/equipment; credit_history_all paid; purpose_other; employment_>=7; personal_status_male div/sep; job_high qualif/self emp/mgmt; property_magnitude_car; credit_history_delayed previously; foreign_worker_no; property_magnitude_life insurance; employment_1less_than_=Xless_than_4; purpose_repairs; residence_since; personal_status_female div/dep/mar; credit_history_existing paid; own_telephone_yes; num_dependents; savings_status_100less_than_=Xless_than_500; employment_unemployed; other_parties_none; existing_credits; job_skilled; foreign_worker_yes,0.9921566999997556
34,0.5573770491803278,purpose_domestic appliance; savings_status_500less_than_=Xless_than_1000; personal_status_male mar/wid; purpose_retraining; other_payment_plans_stores; purpose_business; job_unemp/unskilled non res; job_unskilled resident; checking_status_>=200; other_parties_co applicant; purpose_furniture/equipment; credit_history_all paid; purpose_other; employment_>=7; personal_status_male div/sep; job_high qualif/self emp/mgmt; property_magnitude_car; credit_history_delayed previously; foreign_worker_no; property_magnitude_life insurance; employment_1less_than_=Xless_than_4; purpose_repairs; residence_since; personal_status_female div/dep/mar; credit_history_existing paid; own_telephone_yes; num_dependents; savings_status_100less_than_=Xless_than_500; employment_unemployed; other_parties_none; existing_credits; job_skilled; foreign_worker_yes; savings_status_>=1000,0.9911247207861947
35,0.5737704918032787,purpose_domestic appliance; savings_status_500less_than_=Xless_than_1000; personal_status_male mar/wid; purpose_retraining; other_payment_plans_stores; purpose_business; job_unemp/unskilled non res; job_unskilled resident; checking_status_>=200; other_parties_co applicant; purpose_furniture/equipment; credit_history_all paid; purpose_other; employment_>=7; personal_status_male div/sep; job_high qualif/self emp/mgmt; property_magnitude_car; credit_history_delayed previously; foreign_worker_no; property_magnitude_life insurance; employment_1less_than_=Xless_than_4; purpose_repairs; residence_since; personal_status_female div/dep/mar; credit_history_existing paid; own_telephone_yes; num_dependents; savings_status_100less_than_=Xless_than_500; employment_unemployed; other_parties_none; existing_credits; job_skilled; foreign_worker_yes; savings_status_>=1000; own_telephone_none,0.990383363177727
36,0.5901639344262295,purpose_domestic appliance; savings_status_500less_than_=Xless_than_1000; personal_status_male mar/wid; purpose_retraining; other_payment_plans_stores; purpose_business; job_unemp/unskilled non res; job_unskilled resident; checking_status_>=200; other_parties_co applicant; purpose_furniture/equipment; credit_history_all paid; purpose_other; employment_>=7; personal_status_male div/sep; job_high qualif/self emp/mgmt; property_magnitude_car; credit_history_delayed previously; foreign_worker_no; property_magnitude_life insurance; employment_1less_than_=Xless_than_4; purpose_repairs; residence_since; personal_status_female div/dep/mar; credit_history_existing paid; own_telephone_yes; num_dependents; savings_status_100less_than_=Xless_than_500; employment_unemployed; other_parties_none; existing_credits; job_skilled; foreign_worker_yes; savings_status_>=1000; own_telephone_none; housing_for free,0.9902140590584835
37,0.6065573770491803,purpose_domestic appliance; savings_status_500less_than_=Xless_than_1000; personal_status_male mar/wid; purpose_retraining; other_payment_plans_stores; purpose_business; job_unemp/unskilled non res; job_unskilled resident; checking_status_>=200; other_parties_co applicant; purpose_furniture/equipment; credit_history_all paid; purpose_other; employment_>=7; personal_status_male div/sep; job_high qualif/self emp/mgmt; property_magnitude_car; credit_history_delayed previously; foreign_worker_no; property_magnitude_life insurance; employment_1less_than_=Xless_than_4; purpose_repairs; residence_since; personal_status_female div/dep/mar; credit_history_existing paid; own_telephone_yes; num_dependents; savings_status_100less_than_=Xless_than_500; employment_unemployed; other_parties_none; existing_credits; job_skilled; foreign_worker_yes; savings_status_>=1000; own_telephone_none; housing_for free; housing_own,0.9899794312943146
38,0.6229508196721312,purpose_domestic appliance; savings_status_500less_than_=Xless_than_1000; personal_status_male mar/wid; purpose_retraining; other_payment_plans_stores; purpose_business; job_unemp/unskilled non res; job_unskilled resident; checking_status_>=200; other_parties_co applicant; purpose_furniture/equipment; credit_history_all paid; purpose_other; employment_>=7; personal_status_male div/sep; job_high qualif/self emp/mgmt; property_magnitude_car; credit_history_delayed previously; foreign_worker_no; property_magnitude_life insurance; employment_1less_than_=Xless_than_4; purpose_repairs; residence_since; personal_status_female div/dep/mar; credit_history_existing paid; own_telephone_yes; num_dependents; savings_status_100less_than_=Xless_than_500; employment_unemployed; other_parties_none; existing_credits; job_skilled; foreign_worker_yes; savings_status_>=1000; own_telephone_none; housing_for free; housing_own; housing_rent,0.9867386664233305
39,0.639344262295082,purpose_domestic appliance; savings_status_500less_than_=Xless_than_1000; personal_status_male mar/wid; purpose_retraining; other_payment_plans_stores; purpose_business; job_unemp/unskilled non res; job_unskilled resident; checking_status_>=200; other_parties_co applicant; purpose_furniture/equipment; credit_history_all paid; purpose_other; employment_>=7; personal_status_male div/sep; job_high qualif/self emp/mgmt; property_magnitude_car; credit_history_delayed previously; foreign_worker_no; property_magnitude_life insurance; employment_1less_than_=Xless_than_4; purpose_repairs; residence_since; personal_status_female div/dep/mar; credit_history_existing paid; own_telephone_yes; num_dependents; savings_status_100less_than_=Xless_than_500; employment_unemployed; other_parties_none; existing_credits; job_skilled; foreign_worker_yes; savings_status_>=1000; own_telephone_none; housing_for free; housing_own; housing_rent; purpose_radio/tv,0.9848739193715998
40,0.6557377049180327,purpose_domestic appliance; savings_status_500less_than_=Xless_than_1000; personal_status_male mar/wid; purpose_retraining; other_payment_plans_stores; purpose_business; job_unemp/unskilled non res; job_unskilled resident; checking_status_>=200; other_parties_co applicant; purpose_furniture/equipment; credit_history_all paid; purpose_other; employment_>=7; personal_status_male div/sep; job_high qualif/self emp/mgmt; property_magnitude_car; credit_history_delayed previously; foreign_worker_no; property_magnitude_life insurance; employment_1less_than_=Xless_than_4; purpose_repairs; residence_since; personal_status_female div/dep/mar; credit_history_existing paid; own_telephone_yes; num_dependents; savings_status_100less_than_=Xless_than_500; employment_unemployed; other_parties_none; existing_credits; job_skilled; foreign_worker_yes; savings_status_>=1000; own_telephone_none; housing_for free; housing_own; housing_rent; purpose_radio/tv; checking_status_0less_than_=Xless_than_200,0.9843638648514937
41,0.6721311475409836,purpose_domestic appliance; savings_status_500less_than_=Xless_than_1000; personal_status_male mar/wid; purpose_retraining; other_payment_plans_stores; purpose_business; job_unemp/unskilled non res; job_unskilled resident; checking_status_>=200; other_parties_co applicant; purpose_furniture/equipment; credit_history_all paid; purpose_other; employment_>=7; personal_status_male div/sep; job_high qualif/self emp/mgmt; property_magnitude_car; credit_history_delayed previously; foreign_worker_no; property_magnitude_life insurance; employment_1less_than_=Xless_than_4; purpose_repairs; residence_since; personal_status_female div/dep/mar; credit_history_existing paid; own_telephone_yes; num_dependents; savings_status_100less_than_=Xless_than_500; employment_unemployed; other_parties_none; existing_credits; job_skilled; foreign_worker_yes; savings_status_>=1000; own_telephone_none; housing_for free; housing_own; housing_rent; purpose_radio/tv; checking_status_0less_than_=Xless_than_200; credit_history_no credits/all paid,0.9814755644969183
42,0.6885245901639344,purpose_domestic appliance; savings_status_500less_than_=Xless_than_1000; personal_status_male mar/wid; purpose_retraining; other_payment_plans_stores; purpose_business; job_unemp/unskilled non res; job_unskilled resident; checking_status_>=200; other_parties_co applicant; purpose_furniture/equipment; credit_history_all paid; purpose_other; employment_>=7; personal_status_male div/sep; job_high qualif/self emp/mgmt; property_magnitude_car; credit_history_delayed previously; foreign_worker_no; property_magnitude_life insurance; employment_1less_than_=Xless_than_4; purpose_repairs; residence_since; personal_status_female div/dep/mar; credit_history_existing paid; own_telephone_yes; num_dependents; savings_status_100less_than_=Xless_than_500; employment_unemployed; other_parties_none; existing_credits; job_skilled; foreign_worker_yes; savings_status_>=1000; own_telephone_none; housing_for free; housing_own; housing_rent; purpose_radio/tv; checking_status_0less_than_=Xless_than_200; credit_history_no credits/all paid; purpose_education,0.9800358058369303
43,0.7049180327868853,purpose_domestic appliance; savings_status_500less_than_=Xless_than_1000; personal_status_male mar/wid; purpose_retraining; other_payment_plans_stores; purpose_business; job_unemp/unskilled non res; job_unskilled resident; checking_status_>=200; other_parties_co applicant; purpose_furniture/equipment; credit_history_all paid; purpose_other; employment_>=7; personal_status_male div/sep; job_high qualif/self emp/mgmt; property_magnitude_car; credit_history_delayed previously; foreign_worker_no; property_magnitude_life insurance; employment_1less_than_=Xless_than_4; purpose_repairs; residence_since; personal_status_female div/dep/mar; credit_history_existing paid; own_telephone_yes; num_dependents; savings_status_100less_than_=Xless_than_500; employment_unemployed; other_parties_none; existing_credits; job_skilled; foreign_worker_yes; savings_status_>=1000; own_telephone_none; housing_for free; housing_own; housing_rent; purpose_radio/tv; checking_status_0less_than_=Xless_than_200; credit_history_no credits/all paid; purpose_education; savings_status_no known savings,0.9780488883973638
44,0.7213114754098361,purpose_domestic appliance; savings_status_500less_than_=Xless_than_1000; personal_status_male mar/wid; purpose_retraining; other_payment_plans_stores; purpose_business; job_unemp/unskilled non res; job_unskilled resident; checking_status_>=200; other_parties_co applicant; purpose_furniture/equipment; credit_history_all paid; purpose_other; employment_>=7; personal_status_male div/sep; job_high qualif/self emp/mgmt; property_magnitude_car; credit_history_delayed previously; foreign_worker_no; property_magnitude_life insurance; employment_1less_than_=Xless_than_4; purpose_repairs; residence_since; personal_status_female div/dep/mar; credit_history_existing paid; own_telephone_yes; num_dependents; savings_status_100less_than_=Xless_than_500; employment_unemployed; other_parties_none; existing_credits; job_skilled; foreign_worker_yes; savings_status_>=1000; own_telephone_none; housing_for free; housing_own; housing_rent; purpose_radio/tv; checking_status_0less_than_=Xless_than_200; credit_history_no credits/all paid; purpose_education; savings_status_no known savings; employment_less_than_1,0.9786738645608654
45,0.7377049180327869,purpose_domestic appliance; savings_status_500less_than_=Xless_than_1000; personal_status_male mar/wid; purpose_retraining; other_payment_plans_stores; purpose_business; job_unemp/unskilled non res; job_unskilled resident; checking_status_>=200; other_parties_co applicant; purpose_furniture/equipment; credit_history_all paid; purpose_other; employment_>=7; personal_status_male div/sep; job_high qualif/self emp/mgmt; property_magnitude_car; credit_history_delayed previously; foreign_worker_no; property_magnitude_life insurance; employment_1less_than_=Xless_than_4; purpose_repairs; residence_since; personal_status_female div/dep/mar; credit_history_existing paid; own_telephone_yes; num_dependents; savings_status_100less_than_=Xless_than_500; employment_unemployed; other_parties_none; existing_credits; job_skilled; foreign_worker_yes; savings_status_>=1000; own_telephone_none; housing_for free; housing_own; housing_rent; purpose_radio/tv; checking_status_0less_than_=Xless_than_200; credit_history_no credits/all paid; purpose_education; savings_status_no known savings; employment_less_than_1; employment_4less_than_=Xless_than_7,0.9752353901556545
46,0.7540983606557377,purpose_domestic appliance; savings_status_500less_than_=Xless_than_1000; personal_status_male mar/wid; purpose_retraining; other_payment_plans_stores; purpose_business; job_unemp/unskilled non res; job_unskilled resident; checking_status_>=200; other_parties_co applicant; purpose_furniture/equipment; credit_history_all paid; purpose_other; employment_>=7; personal_status_male div/sep; job_high qualif/self emp/mgmt; property_magnitude_car; credit_history_delayed previously; foreign_worker_no; property_magnitude_life insurance; employment_1less_than_=Xless_than_4; purpose_repairs; residence_since; personal_status_female div/dep/mar; credit_history_existing paid; own_telephone_yes; num_dependents; savings_status_100less_than_=Xless_than_500; employment_unemployed; other_parties_none; existing_credits; job_skilled; foreign_worker_yes; savings_status_>=1000; own_telephone_none; housing_for free; housing_own; housing_rent; purpose_radio/tv; checking_status_0less_than_=Xless_than_200; credit_history_no credits/all paid; purpose_education; savings_status_no known savings; employment_less_than_1; employment_4less_than_=Xless_than_7; other_parties_guarantor,0.972395260431357
47,0.7704918032786885,purpose_domestic appliance; savings_status_500less_than_=Xless_than_1000; personal_status_male mar/wid; purpose_retraining; other_payment_plans_stores; purpose_business; job_unemp/unskilled non res; job_unskilled resident; checking_status_>=200; other_parties_co applicant; purpose_furniture/equipment; credit_history_all paid; purpose_other; employment_>=7; personal_status_male div/sep; job_high qualif/self emp/mgmt; property_magnitude_car; credit_history_delayed previously; foreign_worker_no; property_magnitude_life insurance; employment_1less_than_=Xless_than_4; purpose_repairs; residence_since; personal_status_female div/dep/mar; credit_history_existing paid; own_telephone_yes; num_dependents; savings_status_100less_than_=Xless_than_500; employment_unemployed; other_parties_none; existing_credits; job_skilled; foreign_worker_yes; savings_status_>=1000; own_telephone_none; housing_for free; housing_own; housing_rent; purpose_radio/tv; checking_status_0less_than_=Xless_than_200; credit_history_no credits/all paid; purpose_education; savings_status_no known savings; employment_less_than_1; employment_4less_than_=Xless_than_7; other_parties_guarantor; purpose_new car,0.9674132788026035
48,0.7868852459016393,purpose_domestic appliance; savings_status_500less_than_=Xless_than_1000; personal_status_male mar/wid; purpose_retraining; other_payment_plans_stores; purpose_business; job_unemp/unskilled non res; job_unskilled resident; checking_status_>=200; other_parties_co applicant; purpose_furniture/equipment; credit_history_all paid; purpose_other; employment_>=7; personal_status_male div/sep; job_high qualif/self emp/mgmt; property_magnitude_car; credit_history_delayed previously; foreign_worker_no; property_magnitude_life insurance; employment_1less_than_=Xless_than_4; purpose_repairs; residence_since; personal_status_female div/dep/mar; credit_history_existing paid; own_telephone_yes; num_dependents; savings_status_100less_than_=Xless_than_500; employment_unemployed; other_parties_none; existing_credits; job_skilled; foreign_worker_yes; savings_status_>=1000; own_telephone_none; housing_for free; housing_own; housing_rent; purpose_radio/tv; checking_status_0less_than_=Xless_than_200; credit_history_no credits/all paid; purpose_education; savings_status_no known savings; employment_less_than_1; employment_4less_than_=Xless_than_7; other_parties_guarantor; purpose_new car; age,0.9654071147006549
49,0.8032786885245902,purpose_domestic appliance; savings_status_500less_than_=Xless_than_1000; personal_status_male mar/wid; purpose_retraining; other_payment_plans_stores; purpose_business; job_unemp/unskilled non res; job_unskilled resident; checking_status_>=200; other_parties_co applicant; purpose_furniture/equipment; credit_history_all paid; purpose_other; employment_>=7; personal_status_male div/sep; job_high qualif/self emp/mgmt; property_magnitude_car; credit_history_delayed previously; foreign_worker_no; property_magnitude_life insurance; employment_1less_than_=Xless_than_4; purpose_repairs; residence_since; personal_status_female div/dep/mar; credit_history_existing paid; own_telephone_yes; num_dependents; savings_status_100less_than_=Xless_than_500; employment_unemployed; other_parties_none; existing_credits; job_skilled; foreign_worker_yes; savings_status_>=1000; own_telephone_none; housing_for free; housing_own; housing_rent; purpose_radio/tv; checking_status_0less_than_=Xless_than_200; credit_history_no credits/all paid; purpose_education; savings_status_no known savings; employment_less_than_1; employment_4less_than_=Xless_than_7; other_parties_guarantor; purpose_new car; age; other_payment_plans_bank,0.9653060802220874
50,0.819672131147541,purpose_domestic appliance; savings_status_500less_than_=Xless_than_1000; personal_status_male mar/wid; purpose_retraining; other_payment_plans_stores; purpose_business; job_unemp/unskilled non res; job_unskilled resident; checking_status_>=200; other_parties_co applicant; purpose_furniture/equipment; credit_history_all paid; purpose_other; employment_>=7; personal_status_male div/sep; job_high qualif/self emp/mgmt; property_magnitude_car; credit_history_delayed previously; foreign_worker_no; property_magnitude_life insurance; employment_1less_than_=Xless_than_4; purpose_repairs; residence_since; personal_status_female div/dep/mar; credit_history_existing paid; own_telephone_yes; num_dependents; savings_status_100less_than_=Xless_than_500; employment_unemployed; other_parties_none; existing_credits; job_skilled; foreign_worker_yes; savings_status_>=1000; own_telephone_none; housing_for free; housing_own; housing_rent; purpose_radio/tv; checking_status_0less_than_=Xless_than_200; credit_history_no credits/all paid; purpose_education; savings_status_no known savings; employment_less_than_1; employment_4less_than_=Xless_than_7; other_parties_guarantor; purpose_new car; age; other_payment_plans_bank; property_magnitude_no known property,0.9600568091574319
51,0.8360655737704918,purpose_domestic appliance; savings_status_500less_than_=Xless_than_1000; personal_status_male mar/wid; purpose_retraining; other_payment_plans_stores; purpose_business; job_unemp/unskilled non res; job_unskilled resident; checking_status_>=200; other_parties_co applicant; purpose_furniture/equipment; credit_history_all paid; purpose_other; employment_>=7; personal_status_male div/sep; job_high qualif/self emp/mgmt; property_magnitude_car; credit_history_delayed previously; foreign_worker_no; property_magnitude_life insurance; employment_1less_than_=Xless_than_4; purpose_repairs; residence_since; personal_status_female div/dep/mar; credit_history_existing paid; own_telephone_yes; num_dependents; savings_status_100less_than_=Xless_than_500; employment_unemployed; other_parties_none; existing_credits; job_skilled; foreign_worker_yes; savings_status_>=1000; own_telephone_none; housing_for free; housing_own; housing_rent; purpose_radio/tv; checking_status_0less_than_=Xless_than_200; credit_history_no credits/all paid; purpose_education; savings_status_no known savings; employment_less_than_1; employment_4less_than_=Xless_than_7; other_parties_guarantor; purpose_new car; age; other_payment_plans_bank; property_magnitude_no known property; property_magnitude_real estate,0.9544492336248132
52,0.8524590163934426,purpose_domestic appliance; savings_status_500less_than_=Xless_than_1000; personal_status_male mar/wid; purpose_retraining; other_payment_plans_stores; purpose_business; job_unemp/unskilled non res; job_unskilled resident; checking_status_>=200; other_parties_co applicant; purpose_furniture/equipment; credit_history_all paid; purpose_other; employment_>=7; personal_status_male div/sep; job_high qualif/self emp/mgmt; property_magnitude_car; credit_history_delayed previously; foreign_worker_no; property_magnitude_life insurance; employment_1less_than_=Xless_than_4; purpose_repairs; residence_since; personal_status_female div/dep/mar; credit_history_existing paid; own_telephone_yes; num_dependents; savings_status_100less_than_=Xless_than_500; employment_unemployed; other_parties_none; existing_credits; job_skilled; foreign_worker_yes; savings_status_>=1000; own_telephone_none; housing_for free; housing_own; housing_rent; purpose_radio/tv; checking_status_0less_than_=Xless_than_200; credit_history_no credits/all paid; purpose_education; savings_status_no known savings; employment_less_than_1; employment_4less_than_=Xless_than_7; other_parties_guarantor; purpose_new car; age; other_payment_plans_bank; property_magnitude_no known property; property_magnitude_real estate; purpose_used car,0.9515989134538261
53,0.8688524590163934,purpose_domestic appliance; savings_status_500less_than_=Xless_than_1000; personal_status_male mar/wid; purpose_retraining; other_payment_plans_stores; purpose_business; job_unemp/unskilled non res; job_unskilled resident; checking_status_>=200; other_parties_co applicant; purpose_furniture/equipment; credit_history_all paid; purpose_other; employment_>=7; personal_status_male div/sep; job_high qualif/self emp/mgmt; property_magnitude_car; credit_history_delayed previously; foreign_worker_no; property_magnitude_life insurance; employment_1less_than_=Xless_than_4; purpose_repairs; residence_since; personal_status_female div/dep/mar; credit_history_existing paid; own_telephone_yes; num_dependents; savings_status_100less_than_=Xless_than_500; employment_unemployed; other_parties_none; existing_credits; job_skilled; foreign_worker_yes; savings_status_>=1000; own_telephone_none; housing_for free; housing_own; housing_rent; purpose_radio/tv; checking_status_0less_than_=Xless_than_200; credit_history_no credits/all paid; purpose_education; savings_status_no known savings; employment_less_than_1; employment_4less_than_=Xless_than_7; other_parties_guarantor; purpose_new car; age; other_payment_plans_bank; property_magnitude_no known property; property_magnitude_real estate; purpose_used car; other_payment_plans_none,0.9449700659520025
54,0.8852459016393442,purpose_domestic appliance; savings_status_500less_than_=Xless_than_1000; personal_status_male mar/wid; purpose_retraining; other_payment_plans_stores; purpose_business; job_unemp/unskilled non res; job_unskilled resident; checking_status_>=200; other_parties_co applicant; purpose_furniture/equipment; credit_history_all paid; purpose_other; employment_>=7; personal_status_male div/sep; job_high qualif/self emp/mgmt; property_magnitude_car; credit_history_delayed previously; foreign_worker_no; property_magnitude_life insurance; employment_1less_than_=Xless_than_4; purpose_repairs; residence_since; personal_status_female div/dep/mar; credit_history_existing paid; own_telephone_yes; num_dependents; savings_status_100less_than_=Xless_than_500; employment_unemployed; other_parties_none; existing_credits; job_skilled; foreign_worker_yes; savings_status_>=1000; own_telephone_none; housing_for free; housing_own; housing_rent; purpose_radio/tv; checking_status_0less_than_=Xless_than_200; credit_history_no credits/all paid; purpose_education; savings_status_no known savings; employment_less_than_1; employment_4less_than_=Xless_than_7; other_parties_guarantor; purpose_new car; age; other_payment_plans_bank; property_magnitude_no known property; property_magnitude_real estate; purpose_used car; other_payment_plans_none; personal_status_male single,0.9365788509999646
55,0.9016393442622951,purpose_domestic appliance; savings_status_500less_than_=Xless_than_1000; personal_status_male mar/wid; purpose_retraining; other_payment_plans_stores; purpose_business; job_unemp/unskilled non res; job_unskilled resident; checking_status_>=200; other_parties_co applicant; purpose_furniture/equipment; credit_history_all paid; purpose_other; employment_>=7; personal_status_male div/sep; job_high qualif/self emp/mgmt; property_magnitude_car; credit_history_delayed previously; foreign_worker_no; property_magnitude_life insurance; employment_1less_than_=Xless_than_4; purpose_repairs; residence_since; personal_status_female div/dep/mar; credit_history_existing paid; own_telephone_yes; num_dependents; savings_status_100less_than_=Xless_than_500; employment_unemployed; other_parties_none; existing_credits; job_skilled; foreign_worker_yes; savings_status_>=1000; own_telephone_none; housing_for free; housing_own; housing_rent; purpose_radio/tv; checking_status_0less_than_=Xless_than_200; credit_history_no credits/all paid; purpose_education; savings_status_no known savings; employment_less_than_1; employment_4less_than_=Xless_than_7; other_parties_guarantor; purpose_new car; age; other_payment_plans_bank; property_magnitude_no known property; property_magnitude_real estate; purpose_used car; other_payment_plans_none; personal_status_male single; installment_commitment,0.9352998398078214
56,0.9180327868852459,purpose_domestic appliance; savings_status_500less_than_=Xless_than_1000; personal_status_male mar/wid; purpose_retraining; other_payment_plans_stores; purpose_business; job_unemp/unskilled non res; job_unskilled resident; checking_status_>=200; other_parties_co applicant; purpose_furniture/equipment; credit_history_all paid; purpose_other; employment_>=7; personal_status_male div/sep; job_high qualif/self emp/mgmt; property_magnitude_car; credit_history_delayed previously; foreign_worker_no; property_magnitude_life insurance; employment_1less_than_=Xless_than_4; purpose_repairs; residence_since; personal_status_female div/dep/mar; credit_history_existing paid; own_telephone_yes; num_dependents; savings_status_100less_than_=Xless_than_500; employment_unemployed; other_parties_none; existing_credits; job_skilled; foreign_worker_yes; savings_status_>=1000; own_telephone_none; housing_for free; housing_own; housing_rent; purpose_radio/tv; checking_status_0less_than_=Xless_than_200; credit_history_no credits/all paid; purpose_education; savings_status_no known savings; employment_less_than_1; employment_4less_than_=Xless_than_7; other_parties_guarantor; purpose_new car; age; other_payment_plans_bank; property_magnitude_no known property; property_magnitude_real estate; purpose_used car; other_payment_plans_none; personal_status_male single; installment_commitment; savings_status_less_than_100,0.9045591022735134
57,0.9344262295081968,purpose_domestic appliance; savings_status_500less_than_=Xless_than_1000; personal_status_male mar/wid; purpose_retraining; other_payment_plans_stores; purpose_business; job_unemp/unskilled non res; job_unskilled resident; checking_status_>=200; other_parties_co applicant; purpose_furniture/equipment; credit_history_all paid; purpose_other; employment_>=7; personal_status_male div/sep; job_high qualif/self emp/mgmt; property_magnitude_car; credit_history_delayed previously; foreign_worker_no; property_magnitude_life insurance; employment_1less_than_=Xless_than_4; purpose_repairs; residence_since; personal_status_female div/dep/mar; credit_history_existing paid; own_telephone_yes; num_dependents; savings_status_100less_than_=Xless_than_500; employment_unemployed; other_parties_none; existing_credits; job_skilled; foreign_worker_yes; savings_status_>=1000; own_telephone_none; housing_for free; housing_own; housing_rent; purpose_radio/tv; checking_status_0less_than_=Xless_than_200; credit_history_no credits/all paid; purpose_education; savings_status_no known savings; employment_less_than_1; employment_4less_than_=Xless_than_7; other_parties_guarantor; purpose_new car; age; other_payment_plans_bank; property_magnitude_no known property; property_magnitude_real estate; purpose_used car; other_payment_plans_none; personal_status_male single; installment_commitment; savings_status_less_than_100; credit_history_critical/other existing credit,0.8906577499483275
58,0.9508196721311475,purpose_domestic appliance; savings_status_500less_than_=Xless_than_1000; personal_status_male mar/wid; purpose_retraining; other_payment_plans_stores; purpose_business; job_unemp/unskilled non res; job_unskilled resident; checking_status_>=200; other_parties_co applicant; purpose_furniture/equipment; credit_history_all paid; purpose_other; employment_>=7; personal_status_male div/sep; job_high qualif/self emp/mgmt; property_magnitude_car; credit_history_delayed previously; foreign_worker_no; property_magnitude_life insurance; employment_1less_than_=Xless_than_4; purpose_repairs; residence_since; personal_status_female div/dep/mar; credit_history_existing paid; own_telephone_yes; num_dependents; savings_status_100less_than_=Xless_than_500; employment_unemployed; other_parties_none; existing_credits; job_skilled; foreign_worker_yes; savings_status_>=1000; own_telephone_none; housing_for free; housing_own; housing_rent; purpose_radio/tv; checking_status_0less_than_=Xless_than_200; credit_history_no credits/all paid; purpose_education; savings_status_no known savings; employment_less_than_1; employment_4less_than_=Xless_than_7; other_parties_guarantor; purpose_new car; age; other_payment_plans_bank; property_magnitude_no known property; property_magnitude_real estate; purpose_used car; other_payment_plans_none; personal_status_male single; installment_commitment; savings_status_less_than_100; credit_history_critical/other existing credit; checking_status_less_than_0,0.8586418427577923
59,0.9672131147540983,purpose_domestic appliance; savings_status_500less_than_=Xless_than_1000; personal_status_male mar/wid; purpose_retraining; other_payment_plans_stores; purpose_business; job_unemp/unskilled non res; job_unskilled resident; checking_status_>=200; other_parties_co applicant; purpose_furniture/equipment; credit_history_all paid; purpose_other; employment_>=7; personal_status_male div/sep; job_high qualif/self emp/mgmt; property_magnitude_car; credit_history_delayed previously; foreign_worker_no; property_magnitude_life insurance; employment_1less_than_=Xless_than_4; purpose_repairs; residence_since; personal_status_female div/dep/mar; credit_history_existing paid; own_telephone_yes; num_dependents; savings_status_100less_than_=Xless_than_500; employment_unemployed; other_parties_none; existing_credits; job_skilled; foreign_worker_yes; savings_status_>=1000; own_telephone_none; housing_for free; housing_own; housing_rent; purpose_radio/tv; checking_status_0less_than_=Xless_than_200; credit_history_no credits/all paid; purpose_education; savings_status_no known savings; employment_less_than_1; employment_4less_than_=Xless_than_7; other_parties_guarantor; purpose_new car; age; other_payment_plans_bank; property_magnitude_no known property; property_magnitude_real estate; purpose_used car; other_payment_plans_none; personal_status_male single; installment_commitment; savings_status_less_than_100; credit_history_critical/other existing credit; checking_status_less_than_0; credit_amount,0.8685685944927424
60,0.9836065573770492,purpose_domestic appliance; savings_status_500less_than_=Xless_than_1000; personal_status_male mar/wid; purpose_retraining; other_payment_plans_stores; purpose_business; job_unemp/unskilled non res; job_unskilled resident; checking_status_>=200; other_parties_co applicant; purpose_furniture/equipment; credit_history_all paid; purpose_other; employment_>=7; personal_status_male div/sep; job_high qualif/self emp/mgmt; property_magnitude_car; credit_history_delayed previously; foreign_worker_no; property_magnitude_life insurance; employment_1less_than_=Xless_than_4; purpose_repairs; residence_since; personal_status_female div/dep/mar; credit_history_existing paid; own_telephone_yes; num_dependents; savings_status_100less_than_=Xless_than_500; employment_unemployed; other_parties_none; existing_credits; job_skilled; foreign_worker_yes; savings_status_>=1000; own_telephone_none; housing_for free; housing_own; housing_rent; purpose_radio/tv; checking_status_0less_than_=Xless_than_200; credit_history_no credits/all paid; purpose_education; savings_status_no known savings; employment_less_than_1; employment_4less_than_=Xless_than_7; other_parties_guarantor; purpose_new car; age; other_payment_plans_bank; property_magnitude_no known property; property_magnitude_real estate; purpose_used car; other_payment_plans_none; personal_status_male single; installment_commitment; savings_status_less_than_100; credit_history_critical/other existing credit; checking_status_less_than_0; credit_amount; duration,0.7542513130655524
61,1.0,purpose_domestic appliance; savings_status_500less_than_=Xless_than_1000; personal_status_male mar/wid; purpose_retraining; other_payment_plans_stores; purpose_business; job_unemp/unskilled non res; job_unskilled resident; checking_status_>=200; other_parties_co applicant; purpose_furniture/equipment; credit_history_all paid; purpose_other; employment_>=7; personal_status_male div/sep; job_high qualif/self emp/mgmt; property_magnitude_car; credit_history_delayed previously; foreign_worker_no; property_magnitude_life insurance; employment_1less_than_=Xless_than_4; purpose_repairs; residence_since; personal_status_female div/dep/mar; credit_history_existing paid; own_telephone_yes; num_dependents; savings_status_100less_than_=Xless_than_500; employment_unemployed; other_parties_none; existing_credits; job_skilled; foreign_worker_yes; savings_status_>=1000; own_telephone_none; housing_for free; housing_own; housing_rent; purpose_radio/tv; checking_status_0less_than_=Xless_than_200; credit_history_no credits/all paid; purpose_education; savings_status_no known savings; employment_less_than_1; employment_4less_than_=Xless_than_7; other_parties_guarantor; purpose_new car; age; other_payment_plans_bank; property_magnitude_no known property; property_magnitude_real estate; purpose_used car; other_payment_plans_none; personal_status_male single; installment_commitment; savings_status_less_than_100; credit_history_critical/other existing credit; checking_status_less_than_0; credit_amount; duration; checking_status_no checking,0.5278175830097159
