dataset,fold,scenario,w_rga,w_rgr,w_rge,w_fairness,aurga,rgr_aggregate,aurge,fairness_aggregate,safe_score,decision
German Credit,1,Equal weights,0.25,0.25,0.25,0.25,0.714706943026519,0.9493045412124548,0.9650747776538128,0.7644471788019293,0.848383360173679,APPROVED
German Credit,1,RGA priority,0.4,0.2,0.2,0.2,0.714706943026519,0.9493045412124548,0.9650747776538128,0.7644471788019293,0.821648076744247,APPROVED
German Credit,1,RGR priority,0.2,0.4,0.2,0.2,0.714706943026519,0.9493045412124548,0.9650747776538128,0.7644471788019293,0.8685675963814341,APPROVED
German Credit,1,RGE priority,0.2,0.2,0.4,0.2,0.714706943026519,0.9493045412124548,0.9650747776538128,0.7644471788019293,0.8717216436697057,APPROVED
German Credit,1,Fairness priority,0.2,0.2,0.2,0.4,0.714706943026519,0.9493045412124548,0.9650747776538128,0.7644471788019293,0.831596123899329,APPROVED
German Credit,2,Equal weights,0.25,0.25,0.25,0.25,0.7138375863676185,0.9391169480242328,0.9730968755946064,0.664402096065699,0.8226133765130392,APPROVED
German Credit,2,RGA priority,0.4,0.2,0.2,0.2,0.7138375863676185,0.9391169480242328,0.9730968755946064,0.664402096065699,0.8008582184839552,APPROVED
German Credit,2,RGR priority,0.2,0.4,0.2,0.2,0.7138375863676185,0.9391169480242328,0.9730968755946064,0.664402096065699,0.845914090815278,APPROVED
German Credit,2,RGE priority,0.2,0.2,0.4,0.2,0.7138375863676185,0.9391169480242328,0.9730968755946064,0.664402096065699,0.8527100763293527,APPROVED
German Credit,2,Fairness priority,0.2,0.2,0.2,0.4,0.7138375863676185,0.9391169480242328,0.9730968755946064,0.664402096065699,0.7909711204235712,APPROVED
German Credit,3,Equal weights,0.25,0.25,0.25,0.25,0.6898958767840487,0.9479679018352318,0.9694499811577624,0.6609243697478991,0.8170595323812354,APPROVED
German Credit,3,RGA priority,0.4,0.2,0.2,0.2,0.6898958767840487,0.9479679018352318,0.9694499811577624,0.6609243697478991,0.7916268012617982,APPROVED
German Credit,3,RGR priority,0.2,0.4,0.2,0.2,0.6898958767840487,0.9479679018352318,0.9694499811577624,0.6609243697478991,0.8432412062720347,APPROVED
German Credit,3,RGE priority,0.2,0.2,0.4,0.2,0.6898958767840487,0.9479679018352318,0.9694499811577624,0.6609243697478991,0.8475376221365409,APPROVED
German Credit,3,Fairness priority,0.2,0.2,0.2,0.4,0.6898958767840487,0.9479679018352318,0.9694499811577624,0.6609243697478991,0.7858324998545683,APPROVED
German Credit,4,Equal weights,0.25,0.25,0.25,0.25,0.7515128094754916,0.9477276599888192,0.9646342713607968,0.7710873983739838,0.8587405347997729,APPROVED
German Credit,4,RGA priority,0.4,0.2,0.2,0.2,0.7515128094754916,0.9477276599888192,0.9646342713607968,0.7710873983739838,0.8372949897349167,APPROVED
German Credit,4,RGR priority,0.2,0.4,0.2,0.2,0.7515128094754916,0.9477276599888192,0.9646342713607968,0.7710873983739838,0.8765379598375822,APPROVED
German Credit,4,RGE priority,0.2,0.2,0.4,0.2,0.7515128094754916,0.9477276599888192,0.9646342713607968,0.7710873983739838,0.8799192821119777,APPROVED
German Credit,4,Fairness priority,0.2,0.2,0.2,0.4,0.7515128094754916,0.9477276599888192,0.9646342713607968,0.7710873983739838,0.8412099075146151,APPROVED
German Credit,5,Equal weights,0.25,0.25,0.25,0.25,0.6437156197719079,0.949054294264526,0.9691121058466609,0.5446461205096074,0.7766320350981756,APPROVED
German Credit,5,RGA priority,0.4,0.2,0.2,0.2,0.6437156197719079,0.949054294264526,0.9691121058466609,0.5446461205096074,0.7500487520329221,APPROVED
German Credit,5,RGR priority,0.2,0.4,0.2,0.2,0.6437156197719079,0.949054294264526,0.9691121058466609,0.5446461205096074,0.8111164869314458,APPROVED
German Credit,5,RGE priority,0.2,0.2,0.4,0.2,0.6437156197719079,0.949054294264526,0.9691121058466609,0.5446461205096074,0.8151280492478727,APPROVED
German Credit,5,Fairness priority,0.2,0.2,0.2,0.4,0.6437156197719079,0.949054294264526,0.9691121058466609,0.5446461205096074,0.7302348521804619,REJECTED
Taiwan Credit,1,Equal weights,0.25,0.25,0.25,0.25,0.6374915879441542,0.9367508665312484,0.951550337567726,0.9533907382463982,0.8697958825723817,APPROVED
Taiwan Credit,1,RGA priority,0.4,0.2,0.2,0.2,0.6374915879441542,0.9367508665312484,0.951550337567726,0.9533907382463982,0.8233350236467363,APPROVED
Taiwan Credit,1,RGR priority,0.2,0.4,0.2,0.2,0.6374915879441542,0.9367508665312484,0.951550337567726,0.9533907382463982,0.8831868793641551,APPROVED
Taiwan Credit,1,RGE priority,0.2,0.2,0.4,0.2,0.6374915879441542,0.9367508665312484,0.951550337567726,0.9533907382463982,0.8861467735714506,APPROVED
Taiwan Credit,1,Fairness priority,0.2,0.2,0.2,0.4,0.6374915879441542,0.9367508665312484,0.951550337567726,0.9533907382463982,0.8865148537071851,APPROVED
Taiwan Credit,2,Equal weights,0.25,0.25,0.25,0.25,0.6203488885320881,0.9368426032213764,0.950584979831234,0.9428945513385572,0.862667755730814,APPROVED
Taiwan Credit,2,RGA priority,0.4,0.2,0.2,0.2,0.6203488885320881,0.9368426032213764,0.950584979831234,0.9428945513385572,0.8142039822910688,APPROVED
Taiwan Credit,2,RGR priority,0.2,0.4,0.2,0.2,0.6203488885320881,0.9368426032213764,0.950584979831234,0.9428945513385572,0.8775027252289265,APPROVED
Taiwan Credit,2,RGE priority,0.2,0.2,0.4,0.2,0.6203488885320881,0.9368426032213764,0.950584979831234,0.9428945513385572,0.880251200550898,APPROVED
Taiwan Credit,2,Fairness priority,0.2,0.2,0.2,0.4,0.6203488885320881,0.9368426032213764,0.950584979831234,0.9428945513385572,0.8787131148523626,APPROVED
Taiwan Credit,3,Equal weights,0.25,0.25,0.25,0.25,0.6076108309230946,0.937890990733104,0.945776545942104,0.938516443143964,0.8574487026855667,APPROVED
Taiwan Credit,3,RGA priority,0.4,0.2,0.2,0.2,0.6076108309230946,0.937890990733104,0.945776545942104,0.938516443143964,0.8074811283330723,APPROVED
Taiwan Credit,3,RGR priority,0.2,0.4,0.2,0.2,0.6076108309230946,0.937890990733104,0.945776545942104,0.938516443143964,0.8735371602950741,APPROVED
Taiwan Credit,3,RGE priority,0.2,0.2,0.4,0.2,0.6076108309230946,0.937890990733104,0.945776545942104,0.938516443143964,0.8751142713368742,APPROVED
Taiwan Credit,3,Fairness priority,0.2,0.2,0.2,0.4,0.6076108309230946,0.937890990733104,0.945776545942104,0.938516443143964,0.8736622507772462,APPROVED
Taiwan Credit,4,Equal weights,0.25,0.25,0.25,0.25,0.6032688688566277,0.9361762861322424,0.9507528227334926,0.9496672595954204,0.8599663093294457,APPROVED
Taiwan Credit,4,RGA priority,0.4,0.2,0.2,0.2,0.6032688688566277,0.9361762861322424,0.9507528227334926,0.9496672595954204,0.8086268212348822,APPROVED
Taiwan Credit,4,RGR priority,0.2,0.4,0.2,0.2,0.6032688688566277,0.9361762861322424,0.9507528227334926,0.9496672595954204,0.8752083046900051,APPROVED
Taiwan Credit,4,RGE priority,0.2,0.2,0.4,0.2,0.6032688688566277,0.9361762861322424,0.9507528227334926,0.9496672595954204,0.8781236120102551,APPROVED
Taiwan Credit,4,Fairness priority,0.2,0.2,0.2,0.4,0.6032688688566277,0.9361762861322424,0.9507528227334926,0.9496672595954204,0.8779064993826408,APPROVED
Taiwan Credit,5,Equal weights,0.25,0.25,0.25,0.25,0.6422005045445591,0.93819412068327,0.9518122998155346,0.9600320535420525,0.873059744646354,APPROVED
Taiwan Credit,5,RGA priority,0.4,0.2,0.2,0.2,0.6422005045445591,0.93819412068327,0.9518122998155346,0.9600320535420525,0.8268878966259952,APPROVED
Taiwan Credit,5,RGR priority,0.2,0.4,0.2,0.2,0.6422005045445591,0.93819412068327,0.9518122998155346,0.9600320535420525,0.8860866198537373,APPROVED
Taiwan Credit,5,RGE priority,0.2,0.2,0.4,0.2,0.6422005045445591,0.93819412068327,0.9518122998155346,0.9600320535420525,0.8888102556801902,APPROVED
Taiwan Credit,5,Fairness priority,0.2,0.2,0.2,0.4,0.6422005045445591,0.93819412068327,0.9518122998155346,0.9600320535420525,0.8904542064254938,APPROVED
