feature,rge_similarity_after_removal,rge_importance,importance_rank_least_to_most,mean_abs_shap,shap_method,model,rge_rank,shap_rank
checking_status_no checking,0.962998958741668,0.037001041258332035,61,0.07964674268788045,kernel_explainer,Voting Ensemble,1.0,1.0
duration,0.9768221930799086,0.023177806920091415,60,0.03913534783679537,kernel_explainer,Voting Ensemble,2.0,2.0
credit_amount,0.9827390777401027,0.017260922259897282,59,0.02993047309191668,kernel_explainer,Voting Ensemble,3.0,5.0
credit_history_critical/other existing credit,0.988129471074556,0.011870528925444046,58,0.03806562037396683,kernel_explainer,Voting Ensemble,4.0,3.0
savings_status_less_than_100,0.9901467550468082,0.009853244953191842,57,0.03001110638512968,kernel_explainer,Voting Ensemble,5.0,4.0
checking_status_less_than_0,0.9908261901476799,0.00917380985232008,56,0.02665268599158593,kernel_explainer,Voting Ensemble,6.0,6.0
installment_commitment,0.9939547973622707,0.006045202637729341,55,0.023961501534152208,kernel_explainer,Voting Ensemble,7.0,7.0
age,0.9949055971268377,0.005094402873162318,54,0.008891724047673508,kernel_explainer,Voting Ensemble,8.0,17.0
other_payment_plans_none,0.9960823268031687,0.003917673196831339,53,0.010951267095409419,kernel_explainer,Voting Ensemble,9.0,12.0
property_magnitude_real estate,0.9961597039030957,0.003840296096904283,52,0.011732865046465224,kernel_explainer,Voting Ensemble,10.0,10.0
purpose_used car,0.9962917070329748,0.0037082929670252396,51,0.009824797195016367,kernel_explainer,Voting Ensemble,11.0,14.0
other_payment_plans_bank,0.9963285127529704,0.0036714872470295923,50,0.009191451254585974,kernel_explainer,Voting Ensemble,12.0,16.0
personal_status_male single,0.9964991725695088,0.0035008274304911824,49,0.014211751516717467,kernel_explainer,Voting Ensemble,13.0,9.0
purpose_new car,0.9973249056591311,0.0026750943408688777,48,0.01102557955499367,kernel_explainer,Voting Ensemble,14.0,11.0
property_magnitude_no known property,0.9973265228958308,0.0026734771041692085,47,0.016407609338597015,kernel_explainer,Voting Ensemble,15.0,8.0
employment_less_than_1,0.9973782365317927,0.0026217634682073054,46,0.009810894628189659,kernel_explainer,Voting Ensemble,16.0,15.0
employment_4less_than_=Xless_than_7,0.9973943525806125,0.0026056474193875134,45,0.008415192416059168,kernel_explainer,Voting Ensemble,17.0,19.0
other_parties_guarantor,0.9974113384191345,0.002588661580865459,44,0.0062846922966251365,kernel_explainer,Voting Ensemble,18.0,22.0
purpose_education,0.9984348988418357,0.0015651011581643282,43,0.006467099285513289,kernel_explainer,Voting Ensemble,19.0,20.0
credit_history_no credits/all paid,0.9986407525839226,0.0013592474160774026,42,0.0063100929822773955,kernel_explainer,Voting Ensemble,20.0,21.0
purpose_radio/tv,0.9987073820659712,0.0012926179340287947,41,0.010265268389670732,kernel_explainer,Voting Ensemble,21.0,13.0
savings_status_no known savings,0.9987483726910115,0.0012516273089885344,40,0.008470402403579809,kernel_explainer,Voting Ensemble,22.0,18.0
housing_rent,0.9988685966008325,0.0011314033991675077,39,0.006091465305729103,kernel_explainer,Voting Ensemble,23.0,23.0
housing_own,0.9989423378998834,0.0010576621001165964,38,0.006036290511300929,kernel_explainer,Voting Ensemble,24.0,25.0
checking_status_0less_than_=Xless_than_200,0.9990254530006062,0.0009745469993938105,37,0.006077803652902983,kernel_explainer,Voting Ensemble,25.0,24.0
savings_status_>=1000,0.9990323381084315,0.0009676618915684942,36,0.004877149080576402,kernel_explainer,Voting Ensemble,26.0,28.0
own_telephone_none,0.9991520996867758,0.0008479003132242369,35,0.005627997122530966,kernel_explainer,Voting Ensemble,27.0,26.0
other_parties_none,0.9992670579234266,0.000732942076573373,34,0.0017946096039731909,kernel_explainer,Voting Ensemble,28.0,47.0
job_skilled,0.9992998241274206,0.0007001758725794227,33,0.0020872434047221338,kernel_explainer,Voting Ensemble,29.0,43.0
housing_for free,0.9993611617332544,0.0006388382667456005,32,0.004070837227017916,kernel_explainer,Voting Ensemble,30.0,32.0
personal_status_female div/dep/mar,0.9993940004866407,0.0006059995133592677,31,0.002837396834645754,kernel_explainer,Voting Ensemble,31.0,34.0
foreign_worker_yes,0.9994031000937772,0.0005968999062228031,30,0.0012380772551247702,kernel_explainer,Voting Ensemble,32.0,56.0
existing_credits,0.9994254138259329,0.0005745861740671376,29,0.005503357963341036,kernel_explainer,Voting Ensemble,33.0,27.0
num_dependents,0.9994588173305052,0.0005411826694947663,28,0.00470418167293076,kernel_explainer,Voting Ensemble,34.0,29.0
residence_since,0.9994603568935754,0.0005396431064246254,27,0.0014113254625373092,kernel_explainer,Voting Ensemble,35.0,54.0
foreign_worker_no,0.9994943142576036,0.0005056857423964001,26,0.0018266425474819453,kernel_explainer,Voting Ensemble,36.0,46.0
employment_unemployed,0.9995279891063124,0.0004720108936876466,25,0.00408157501861583,kernel_explainer,Voting Ensemble,37.0,31.0
employment_1less_than_=Xless_than_4,0.9995286234814622,0.0004713765185377916,24,0.002213693450219604,kernel_explainer,Voting Ensemble,38.0,40.0
credit_history_existing paid,0.999574806999288,0.0004251930007119764,23,0.0017228584076961987,kernel_explainer,Voting Ensemble,39.0,48.0
savings_status_100less_than_=Xless_than_500,0.9995756437548713,0.00042435624512870973,22,0.001936232285430617,kernel_explainer,Voting Ensemble,40.0,45.0
own_telephone_yes,0.999711426483549,0.00028857351645095175,21,0.004189678296012623,kernel_explainer,Voting Ensemble,41.0,30.0
personal_status_male div/sep,0.9997200475537548,0.0002799524462452352,20,0.0005727164504716533,kernel_explainer,Voting Ensemble,42.0,58.0
purpose_repairs,0.9997358832443891,0.0002641167556108881,19,0.0004925149339529527,kernel_explainer,Voting Ensemble,43.0,59.0
credit_history_delayed previously,0.9997437348999697,0.0002562651000302951,18,0.0016908204337351806,kernel_explainer,Voting Ensemble,44.0,50.0
job_high qualif/self emp/mgmt,0.9997438005303858,0.0002561994696141934,17,0.0022085828799079453,kernel_explainer,Voting Ensemble,45.0,41.0
property_magnitude_life insurance,0.9997879106965601,0.00021208930343985521,16,0.002859092519587438,kernel_explainer,Voting Ensemble,46.0,33.0
property_magnitude_car,0.9997914456100075,0.00020855438999245468,15,0.0025139670338166246,kernel_explainer,Voting Ensemble,47.0,36.0
purpose_furniture/equipment,0.9997951488859461,0.00020485111405388334,14,0.0016041225488544056,kernel_explainer,Voting Ensemble,48.0,52.0
checking_status_>=200,0.9998223403462113,0.00017765965378868653,13,0.0020043484856279025,kernel_explainer,Voting Ensemble,49.0,44.0
employment_>=7,0.9998429868643675,0.00015701313563254438,12,0.0024587717028797776,kernel_explainer,Voting Ensemble,50.0,37.0
purpose_other,0.9998738980487597,0.00012610195124029833,11,0.00041409934276552963,kernel_explainer,Voting Ensemble,51.0,60.0
job_unskilled resident,0.999879583776074,0.00012041622392600093,10,0.002299600322113138,kernel_explainer,Voting Ensemble,52.0,38.0
credit_history_all paid,0.9998877022064944,0.00011229779350563351,9,0.0008251255879023014,kernel_explainer,Voting Ensemble,53.0,57.0
other_parties_co applicant,0.9998904307963423,0.00010956920365767786,8,0.002229086469488998,kernel_explainer,Voting Ensemble,54.0,39.0
purpose_business,0.9999281130879712,7.18869120287513e-05,7,0.0016156118185909675,kernel_explainer,Voting Ensemble,55.0,51.0
job_unemp/unskilled non res,0.9999663562781195,3.3643721880527444e-05,6,0.002101462547075354,kernel_explainer,Voting Ensemble,56.0,42.0
purpose_retraining,0.9999668327598817,3.316724011825922e-05,5,0.0015072529543510172,kernel_explainer,Voting Ensemble,57.0,53.0
other_payment_plans_stores,0.9999745807798451,2.5419220154865307e-05,4,0.0013236436360034376,kernel_explainer,Voting Ensemble,58.0,55.0
personal_status_male mar/wid,0.9999865407834962,1.3459216503752813e-05,3,0.0017013159886632113,kernel_explainer,Voting Ensemble,59.0,49.0
savings_status_500less_than_=Xless_than_1000,0.9999947850471521,5.214952847887311e-06,2,0.002660338699921428,kernel_explainer,Voting Ensemble,60.0,35.0
purpose_domestic appliance,1.0,0.0,1,0.0,kernel_explainer,Voting Ensemble,61.0,61.0
duration,0.954649037853328,0.045350962146672,61,0.3702986240386963,xgboost_treeshap,XGBoost,1.0,2.0
checking_status_no checking,0.9547223072763993,0.045277692723600715,60,0.5574975609779358,xgboost_treeshap,XGBoost,2.0,1.0
credit_amount,0.976896067193146,0.023103932806853966,59,0.25217849016189575,xgboost_treeshap,XGBoost,3.0,3.0
savings_status_less_than_100,0.979150863956293,0.020849136043706973,58,0.1808338165283203,xgboost_treeshap,XGBoost,4.0,5.0
credit_history_critical/other existing credit,0.9885427064647924,0.011457293535207635,57,0.22341857850551605,xgboost_treeshap,XGBoost,5.0,4.0
checking_status_less_than_0,0.9900925056959838,0.009907494304016162,56,0.15671341121196747,xgboost_treeshap,XGBoost,6.0,6.0
age,0.9902185862445585,0.009781413755441504,55,0.12131058424711227,xgboost_treeshap,XGBoost,7.0,7.0
property_magnitude_real estate,0.9923308926777022,0.007669107322297752,54,0.1006762757897377,xgboost_treeshap,XGBoost,8.0,9.0
other_payment_plans_bank,0.9929427253692825,0.0070572746307174805,53,0.08385157585144043,xgboost_treeshap,XGBoost,9.0,12.0
installment_commitment,0.9937339771004897,0.006266022899510282,52,0.11439292132854462,xgboost_treeshap,XGBoost,10.0,8.0
purpose_used car,0.9960776792436833,0.003922320756316711,51,0.08193085342645645,xgboost_treeshap,XGBoost,11.0,14.0
other_payment_plans_none,0.9962742824884901,0.0037257175115098518,50,0.083132803440094,xgboost_treeshap,XGBoost,12.0,13.0
personal_status_male single,0.9965796414660187,0.0034203585339812603,49,0.058794908225536346,xgboost_treeshap,XGBoost,13.0,19.0
property_magnitude_no known property,0.9971045749700391,0.002895425029960874,48,0.09148427844047546,xgboost_treeshap,XGBoost,14.0,11.0
employment_less_than_1,0.9971330172915823,0.0028669827084176758,47,0.0964132696390152,xgboost_treeshap,XGBoost,15.0,10.0
savings_status_no known savings,0.9972426308933185,0.002757369106681451,46,0.06580235809087753,xgboost_treeshap,XGBoost,16.0,16.0
other_parties_none,0.9973167474789012,0.0026832525210988,45,0.02155044488608837,xgboost_treeshap,XGBoost,17.0,31.0
purpose_new car,0.9980104226022662,0.001989577397733755,44,0.06962913274765015,xgboost_treeshap,XGBoost,18.0,15.0
other_parties_guarantor,0.9986371915842608,0.001362808415739214,43,0.03322949633002281,xgboost_treeshap,XGBoost,19.0,25.0
credit_history_delayed previously,0.9986945302859932,0.0013054697140068017,42,0.02220580168068409,xgboost_treeshap,XGBoost,20.0,30.0
employment_4less_than_=Xless_than_7,0.9987108758301537,0.0012891241698462785,41,0.05917738378047943,xgboost_treeshap,XGBoost,21.0,18.0
checking_status_0less_than_=Xless_than_200,0.9988898791375103,0.0011101208624897385,40,0.04400527477264404,xgboost_treeshap,XGBoost,22.0,23.0
residence_since,0.9989094761271007,0.0010905238728993183,39,0.025075478479266167,xgboost_treeshap,XGBoost,23.0,28.0
purpose_radio/tv,0.9990205101140556,0.000979489885944429,38,0.062281474471092224,xgboost_treeshap,XGBoost,24.0,17.0
own_telephone_none,0.9990868597259019,0.0009131402740980565,37,0.044947534799575806,xgboost_treeshap,XGBoost,25.0,22.0
housing_own,0.9990886144463136,0.0009113855536864168,36,0.04870433360338211,xgboost_treeshap,XGBoost,26.0,21.0
personal_status_female div/dep/mar,0.9991108958707438,0.0008891041292562463,35,0.03345642238855362,xgboost_treeshap,XGBoost,27.0,24.0
job_high qualif/self emp/mgmt,0.9992220679343068,0.0007779320656932098,34,0.017850439995527267,xgboost_treeshap,XGBoost,28.0,34.0
credit_history_no credits/all paid,0.9992440755617564,0.0007559244382435715,33,0.03092740848660469,xgboost_treeshap,XGBoost,29.0,27.0
purpose_education,0.9992983500077086,0.0007016499922913866,32,0.05366669222712517,xgboost_treeshap,XGBoost,30.0,20.0
property_magnitude_life insurance,0.9994597237295103,0.0005402762704896924,31,0.015584077686071396,xgboost_treeshap,XGBoost,31.0,39.0
employment_1less_than_=Xless_than_4,0.9994795923135207,0.0005204076864793183,30,0.011694972403347492,xgboost_treeshap,XGBoost,32.0,42.0
job_skilled,0.9996083819931287,0.0003916180068712638,29,0.01712864451110363,xgboost_treeshap,XGBoost,33.0,35.0
housing_rent,0.9996542966866852,0.00034570331331484905,28,0.02474074438214302,xgboost_treeshap,XGBoost,34.0,29.0
existing_credits,0.9996656000577584,0.0003343999422416033,27,0.020439226180315018,xgboost_treeshap,XGBoost,35.0,32.0
credit_history_existing paid,0.9996688610447007,0.0003311389552993482,26,0.009191910736262798,xgboost_treeshap,XGBoost,36.0,47.0
job_unskilled resident,0.999693618413333,0.00030638158666695947,25,0.015783166512846947,xgboost_treeshap,XGBoost,37.0,38.0
checking_status_>=200,0.9997001152975594,0.0002998847024405782,24,0.018750306218862534,xgboost_treeshap,XGBoost,38.0,33.0
num_dependents,0.999734222305768,0.0002657776942319723,23,0.03220618516206741,xgboost_treeshap,XGBoost,39.0,26.0
property_magnitude_car,0.9997522755439903,0.0002477244560097347,22,0.015949063003063202,xgboost_treeshap,XGBoost,40.0,37.0
employment_>=7,0.9997622919531409,0.00023770804685907532,21,0.0067099411971867085,xgboost_treeshap,XGBoost,41.0,51.0
employment_unemployed,0.999803623893384,0.00019637610661604743,20,0.011276514269411564,xgboost_treeshap,XGBoost,42.0,44.0
savings_status_>=1000,0.9998064392594618,0.00019356074053822336,19,0.008073915727436543,xgboost_treeshap,XGBoost,43.0,49.0
personal_status_male div/sep,0.9998363810494226,0.00016361895057737108,18,0.011200538836419582,xgboost_treeshap,XGBoost,44.0,46.0
credit_history_all paid,0.9998444635284186,0.00015553647158139672,17,0.014198984950780869,xgboost_treeshap,XGBoost,45.0,40.0
purpose_furniture/equipment,0.9998842734425505,0.00011572655744951366,16,0.016296055167913437,xgboost_treeshap,XGBoost,46.0,36.0
own_telephone_yes,0.9999039154456613,9.608455433873786e-05,15,0.011504420079290867,xgboost_treeshap,XGBoost,47.0,43.0
savings_status_100less_than_=Xless_than_500,0.999913817090971,8.618290902895342e-05,14,0.012458904646337032,xgboost_treeshap,XGBoost,48.0,41.0
housing_for free,0.9999162344758349,8.376552416511363e-05,13,0.006710578687489033,xgboost_treeshap,XGBoost,49.0,50.0
other_parties_co applicant,0.9999352226075832,6.477739241683711e-05,12,0.01122370921075344,xgboost_treeshap,XGBoost,50.0,45.0
other_payment_plans_stores,0.9999603453502905,3.965464970945298e-05,11,0.00237199361436069,xgboost_treeshap,XGBoost,51.0,52.0
foreign_worker_no,0.9999620024341155,3.799756588451775e-05,10,0.008693547919392586,xgboost_treeshap,XGBoost,52.0,48.0
purpose_repairs,0.9999889909872239,1.1009012776064253e-05,9,0.0014229529770091176,xgboost_treeshap,XGBoost,53.0,54.0
personal_status_male mar/wid,0.9999943293347057,5.6706652943327995e-06,8,0.0018032374791800976,xgboost_treeshap,XGBoost,54.0,53.0
purpose_business,0.9999983968327032,1.6031672968042088e-06,7,0.0010492090368643403,xgboost_treeshap,XGBoost,55.0,55.0
savings_status_500less_than_=Xless_than_1000,1.0,0.0,4,0.0,xgboost_treeshap,XGBoost,58.5,58.5
purpose_other,1.0,0.0,3,0.0,xgboost_treeshap,XGBoost,58.5,58.5
foreign_worker_yes,1.0,0.0,2,0.0,xgboost_treeshap,XGBoost,58.5,58.5
job_unemp/unskilled non res,1.0,0.0,5,0.0,xgboost_treeshap,XGBoost,58.5,58.5
purpose_retraining,1.0,0.0,6,0.0,xgboost_treeshap,XGBoost,58.5,58.5
purpose_domestic appliance,1.0,0.0,1,0.0,xgboost_treeshap,XGBoost,58.5,58.5
checking_status_no checking,0.9695778862602694,0.030422113739730583,61,0.06579759922788417,kernel_explainer,Stacking Ensemble,1.0,1.0
duration,0.9805529089324524,0.019447091067547606,60,0.03501348745151601,kernel_explainer,Stacking Ensemble,2.0,2.0
credit_amount,0.9845868545778618,0.01541314542213823,59,0.025021885172576218,kernel_explainer,Stacking Ensemble,3.0,6.0
checking_status_less_than_0,0.9885265248278011,0.011473475172198877,58,0.028665330464087636,kernel_explainer,Stacking Ensemble,4.0,4.0
credit_history_critical/other existing credit,0.9885958287877985,0.011404171212201497,57,0.03128234647756785,kernel_explainer,Stacking Ensemble,5.0,3.0
savings_status_less_than_100,0.9900072632784195,0.00999273672158052,56,0.027179788943283368,kernel_explainer,Stacking Ensemble,6.0,5.0
installment_commitment,0.9929839471229475,0.0070160528770525366,55,0.020745469450066244,kernel_explainer,Stacking Ensemble,7.0,7.0
personal_status_male single,0.9960990141338973,0.0039009858661026575,54,0.01282019834228702,kernel_explainer,Stacking Ensemble,8.0,9.0
other_payment_plans_none,0.9961645128468655,0.0038354871531345314,53,0.009679606598963457,kernel_explainer,Stacking Ensemble,9.0,12.0
purpose_used car,0.9963177138372367,0.0036822861627633374,52,0.0073357229293399915,kernel_explainer,Stacking Ensemble,10.0,17.0
property_magnitude_real estate,0.996391175346398,0.0036088246536020163,51,0.010386407681462342,kernel_explainer,Stacking Ensemble,11.0,10.0
property_magnitude_no known property,0.9964696158293119,0.0035303841706880723,50,0.014712720283815433,kernel_explainer,Stacking Ensemble,12.0,8.0
other_payment_plans_bank,0.9968076976337356,0.0031923023662644434,49,0.007170249997757742,kernel_explainer,Stacking Ensemble,13.0,18.0
age,0.9969367405157046,0.003063259484295422,48,0.006673348803540231,kernel_explainer,Stacking Ensemble,14.0,20.0
purpose_new car,0.9970873584822643,0.0029126415177357368,47,0.009722969544424347,kernel_explainer,Stacking Ensemble,15.0,11.0
other_parties_guarantor,0.9975490734535075,0.0024509265464924823,46,0.005297254421182583,kernel_explainer,Stacking Ensemble,16.0,22.0
employment_4less_than_=Xless_than_7,0.9977712852435586,0.0022287147564413745,45,0.007817702023333753,kernel_explainer,Stacking Ensemble,17.0,16.0
employment_less_than_1,0.9982237680234997,0.001776231976500342,44,0.008600536732814414,kernel_explainer,Stacking Ensemble,18.0,14.0
savings_status_no known savings,0.9983430099926635,0.0016569900073365451,43,0.008673953067373738,kernel_explainer,Stacking Ensemble,19.0,13.0
purpose_education,0.9984045722745286,0.0015954277254713878,42,0.0052784023178989795,kernel_explainer,Stacking Ensemble,20.0,23.0
credit_history_no credits/all paid,0.9986883546782506,0.0013116453217494328,41,0.005050953752454959,kernel_explainer,Stacking Ensemble,21.0,24.0
checking_status_0less_than_=Xless_than_200,0.9987614726038068,0.0012385273961932342,40,0.005444633654777095,kernel_explainer,Stacking Ensemble,22.0,21.0
purpose_radio/tv,0.9987756256752831,0.0012243743247168926,39,0.00840986277559877,kernel_explainer,Stacking Ensemble,23.0,15.0
housing_rent,0.9987776915706666,0.001222308429333352,38,0.0067328101323565846,kernel_explainer,Stacking Ensemble,24.0,19.0
housing_own,0.9989281103028778,0.0010718896971222414,37,0.004651106001845035,kernel_explainer,Stacking Ensemble,25.0,27.0
housing_for free,0.9991970957542781,0.000802904245721936,36,0.004710078681919121,kernel_explainer,Stacking Ensemble,26.0,26.0
own_telephone_none,0.9992824362812088,0.0007175637187911699,35,0.00455202304737311,kernel_explainer,Stacking Ensemble,27.0,28.0
savings_status_>=1000,0.9993379152636991,0.0006620847363009164,34,0.004402052438531563,kernel_explainer,Stacking Ensemble,28.0,29.0
foreign_worker_yes,0.9993712645378893,0.00062873546211073,33,0.0008864672004294667,kernel_explainer,Stacking Ensemble,29.0,56.0
job_skilled,0.9993875092807454,0.0006124907192546214,32,0.0022205380332853916,kernel_explainer,Stacking Ensemble,30.0,39.0
existing_credits,0.9993985340875272,0.0006014659124727872,31,0.004876009231572497,kernel_explainer,Stacking Ensemble,31.0,25.0
other_parties_none,0.9994303797467141,0.0005696202532858852,30,0.001259350950471525,kernel_explainer,Stacking Ensemble,32.0,52.0
employment_unemployed,0.9994687374099279,0.0005312625900720791,29,0.0032614005528286837,kernel_explainer,Stacking Ensemble,33.0,32.0
savings_status_100less_than_=Xless_than_500,0.9994911566859708,0.0005088433140292281,28,0.00318805010941374,kernel_explainer,Stacking Ensemble,34.0,33.0
num_dependents,0.9994955681941209,0.0005044318058791131,27,0.0038428094032775368,kernel_explainer,Stacking Ensemble,35.0,31.0
own_telephone_yes,0.9995270826234065,0.00047291737659349575,26,0.004309524644897969,kernel_explainer,Stacking Ensemble,36.0,30.0
credit_history_existing paid,0.9995457488416599,0.0004542511583400799,25,0.0015513192193774925,kernel_explainer,Stacking Ensemble,37.0,50.0
personal_status_female div/dep/mar,0.999585607014337,0.00041439298566303684,24,0.0029135474700068497,kernel_explainer,Stacking Ensemble,38.0,34.0
residence_since,0.999589583382087,0.0004104166179129676,23,0.0025920251167033653,kernel_explainer,Stacking Ensemble,39.0,36.0
purpose_repairs,0.9995933353069543,0.00040666469304573294,22,0.0005605571882281008,kernel_explainer,Stacking Ensemble,40.0,59.0
employment_1less_than_=Xless_than_4,0.9996628413833007,0.0003371586166992513,21,0.0017835965959071257,kernel_explainer,Stacking Ensemble,41.0,46.0
property_magnitude_life insurance,0.9997102372720144,0.00028976272798564295,20,0.0025916815209116573,kernel_explainer,Stacking Ensemble,42.0,37.0
foreign_worker_no,0.9997263322136082,0.000273667786391818,19,0.0014713713752041128,kernel_explainer,Stacking Ensemble,43.0,51.0
credit_history_delayed previously,0.9997334943334003,0.0002665056665996923,18,0.002209087092168682,kernel_explainer,Stacking Ensemble,44.0,40.0
property_magnitude_car,0.9997525701709803,0.00024742982901970745,17,0.0026608304024642025,kernel_explainer,Stacking Ensemble,45.0,35.0
job_high qualif/self emp/mgmt,0.9997562355294023,0.00024376447059770712,16,0.0018736051171070885,kernel_explainer,Stacking Ensemble,46.0,44.0
personal_status_male div/sep,0.9997681830054843,0.00023181699451568782,15,0.000621933622509337,kernel_explainer,Stacking Ensemble,47.0,57.0
employment_>=7,0.9998146702722829,0.00018532972771712064,14,0.0017955946786561445,kernel_explainer,Stacking Ensemble,48.0,45.0
purpose_other,0.9998424146605551,0.00015758533944487674,13,0.00021958056673544084,kernel_explainer,Stacking Ensemble,49.0,60.0
credit_history_all paid,0.9998428285167511,0.00015717148324889685,12,0.0006082381419825773,kernel_explainer,Stacking Ensemble,50.0,58.0
purpose_furniture/equipment,0.9998472997636504,0.00015270023634961216,11,0.0019444366529102058,kernel_explainer,Stacking Ensemble,51.0,42.0
other_parties_co applicant,0.9998674305906076,0.00013256940939243567,10,0.0025576616077872378,kernel_explainer,Stacking Ensemble,52.0,38.0
checking_status_>=200,0.9998838260204596,0.00011617397954044595,9,0.002146862537911748,kernel_explainer,Stacking Ensemble,53.0,41.0
job_unskilled resident,0.9998843498455331,0.00011565015446690641,8,0.0016521645923069355,kernel_explainer,Stacking Ensemble,54.0,48.0
job_unemp/unskilled non res,0.9999189000459882,8.109995401184289e-05,7,0.0017534359752562482,kernel_explainer,Stacking Ensemble,55.0,47.0
purpose_business,0.999928036177663,7.19638223369845e-05,6,0.0018742214573804297,kernel_explainer,Stacking Ensemble,56.0,43.0
other_payment_plans_stores,0.9999601214316645,3.987856833553849e-05,5,0.001202999266211626,kernel_explainer,Stacking Ensemble,57.0,54.0
purpose_retraining,0.9999712366453324,2.8763354667615815e-05,4,0.0015918289131807862,kernel_explainer,Stacking Ensemble,58.0,49.0
personal_status_male mar/wid,0.9999864858623208,1.3514137679249139e-05,3,0.00111349166472993,kernel_explainer,Stacking Ensemble,59.0,55.0
savings_status_500less_than_=Xless_than_1000,0.9999917996312881,8.20036871185259e-06,2,0.0012118503815866594,kernel_explainer,Stacking Ensemble,60.0,53.0
purpose_domestic appliance,0.9999985961434525,1.4038565474550069e-06,1,0.0,kernel_explainer,Stacking Ensemble,61.0,61.0
checking_status_no checking,0.9647910924569041,0.03520890754309591,61,0.06001791396712112,tree_explainer,Random Forest,1.0,1.0
duration,0.9774906541762818,0.02250934582371822,60,0.03527112291925681,tree_explainer,Random Forest,2.0,3.0
checking_status_less_than_0,0.9808153046298516,0.01918469537014844,59,0.03578664608919507,tree_explainer,Random Forest,3.0,2.0
savings_status_less_than_100,0.9870951545979879,0.012904845402012088,58,0.024253942773948624,tree_explainer,Random Forest,4.0,5.0
credit_history_critical/other existing credit,0.991102546966286,0.008897453033714031,57,0.02681941162175868,tree_explainer,Random Forest,5.0,4.0
other_payment_plans_none,0.9913832596075972,0.008616740392402789,56,0.015796940644482924,tree_explainer,Random Forest,6.0,8.0
property_magnitude_real estate,0.9930843692086045,0.006915630791395455,55,0.014958428774504803,tree_explainer,Random Forest,7.0,10.0
credit_amount,0.9939554217844816,0.006044578215518404,54,0.019287193266633806,tree_explainer,Random Forest,8.0,6.0
housing_own,0.9946586837899847,0.005341316210015323,53,0.013334328054744868,tree_explainer,Random Forest,9.0,11.0
personal_status_male single,0.9953505299210879,0.0046494700789121435,52,0.011472931704774368,tree_explainer,Random Forest,10.0,17.0
employment_less_than_1,0.9958845048175025,0.004115495182497542,51,0.01595837589780416,tree_explainer,Random Forest,11.0,7.0
installment_commitment,0.9961470313679638,0.0038529686320362133,50,0.013207161113685422,tree_explainer,Random Forest,12.0,12.0
purpose_radio/tv,0.9963225013404324,0.0036774986595675685,49,0.0120652050456184,tree_explainer,Random Forest,13.0,13.0
job_skilled,0.9963790385645352,0.0036209614354647535,48,0.00604630122776054,tree_explainer,Random Forest,14.0,23.0
checking_status_0less_than_=Xless_than_200,0.9965173503604081,0.003482649639591884,47,0.01578234451763252,tree_explainer,Random Forest,15.0,9.0
other_payment_plans_bank,0.9968822482056818,0.0031177517943181687,46,0.01180335333680855,tree_explainer,Random Forest,16.0,15.0
age,0.9968871600282131,0.003112839971786907,45,0.011819188062108889,tree_explainer,Random Forest,17.0,14.0
savings_status_no known savings,0.9975589320912011,0.002441067908798944,44,0.009718698211695482,tree_explainer,Random Forest,18.0,18.0
foreign_worker_yes,0.9981132694455179,0.0018867305544820745,43,0.0021867594648704593,tree_explainer,Random Forest,19.0,43.0
own_telephone_none,0.998367985411763,0.0016320145882370296,42,0.003238164806058517,tree_explainer,Random Forest,20.0,34.0
property_magnitude_no known property,0.9983906660410615,0.0016093339589384748,41,0.011507654002618179,tree_explainer,Random Forest,21.0,16.0
purpose_new car,0.9985251744906669,0.0014748255093330886,40,0.007214297192654423,tree_explainer,Random Forest,22.0,20.0
personal_status_female div/dep/mar,0.9985623788763638,0.0014376211236362124,39,0.007745550447361153,tree_explainer,Random Forest,23.0,19.0
credit_history_existing paid,0.9985792291663025,0.0014207708336975156,38,0.0038342452278070406,tree_explainer,Random Forest,24.0,28.0
other_parties_none,0.99871953865173,0.001280461348269979,37,0.001468473412253405,tree_explainer,Random Forest,25.0,47.0
existing_credits,0.9987460915136661,0.0012539084863338879,36,0.0032196477739777456,tree_explainer,Random Forest,26.0,35.0
residence_since,0.9987516793465525,0.0012483206534474878,35,0.0037708579335932134,tree_explainer,Random Forest,27.0,29.0
purpose_used car,0.998916579081706,0.0010834209182940535,34,0.005363374842402513,tree_explainer,Random Forest,28.0,27.0
other_parties_guarantor,0.9989572288970159,0.0010427711029841191,33,0.0036362967107890732,tree_explainer,Random Forest,29.0,32.0
purpose_education,0.9989877775553461,0.0010122224446539319,32,0.005718503989194471,tree_explainer,Random Forest,30.0,25.0
own_telephone_yes,0.9990133882958377,0.0009866117041622546,31,0.005966377471062005,tree_explainer,Random Forest,31.0,24.0
housing_rent,0.9991056644793974,0.0008943355206025849,30,0.0069306783249481856,tree_explainer,Random Forest,32.0,21.0
job_high qualif/self emp/mgmt,0.9991129853203672,0.0008870146796328138,29,0.0035024885548656836,tree_explainer,Random Forest,33.0,33.0
employment_4less_than_=Xless_than_7,0.9991667350688233,0.000833264931176747,28,0.006465084540262532,tree_explainer,Random Forest,34.0,22.0
credit_history_no credits/all paid,0.9991769418860332,0.0008230581139667681,27,0.005469960487452134,tree_explainer,Random Forest,35.0,26.0
property_magnitude_car,0.9992139705112315,0.0007860294887684915,26,0.002544454867000498,tree_explainer,Random Forest,36.0,40.0
credit_history_delayed previously,0.9992588280855581,0.000741171914441896,25,0.0025885493150548918,tree_explainer,Random Forest,37.0,39.0
purpose_furniture/equipment,0.9993662790746075,0.0006337209253924891,24,0.0037103565354064333,tree_explainer,Random Forest,38.0,30.0
num_dependents,0.9993846955281394,0.0006153044718606449,23,0.0029138604368066784,tree_explainer,Random Forest,39.0,37.0
employment_1less_than_=Xless_than_4,0.9993977716823979,0.0006022283176021492,22,0.0022277963345936434,tree_explainer,Random Forest,40.0,42.0
job_unskilled resident,0.999441433478866,0.0005585665211339519,21,0.00210546258677163,tree_explainer,Random Forest,41.0,44.0
employment_>=7,0.9994780445802864,0.0005219554197135601,20,0.0026864211888962403,tree_explainer,Random Forest,42.0,38.0
housing_for free,0.999487115369344,0.0005128846306560186,19,0.0031030699792366566,tree_explainer,Random Forest,43.0,36.0
credit_history_all paid,0.9996245755971437,0.00037542440285631695,18,0.003669633980969347,tree_explainer,Random Forest,44.0,31.0
property_magnitude_life insurance,0.9996897706878556,0.0003102293121444166,17,0.0014152014675920307,tree_explainer,Random Forest,45.0,49.0
savings_status_100less_than_=Xless_than_500,0.999800649497571,0.00019935050242902985,16,0.0016489807904190052,tree_explainer,Random Forest,46.0,46.0
savings_status_>=1000,0.9998010768238081,0.0001989231761918564,15,0.002343459025344483,tree_explainer,Random Forest,47.0,41.0
employment_unemployed,0.9998027886411722,0.00019721135882777574,14,0.0020827797199538018,tree_explainer,Random Forest,48.0,45.0
purpose_business,0.9998494320902247,0.000150567909775301,13,0.001432681161696428,tree_explainer,Random Forest,49.0,48.0
checking_status_>=200,0.9998728349916576,0.0001271650083424225,12,0.0012742409908513394,tree_explainer,Random Forest,50.0,51.0
personal_status_male div/sep,0.9998778723893198,0.0001221276106802005,11,0.0013692440210297775,tree_explainer,Random Forest,51.0,50.0
savings_status_500less_than_=Xless_than_1000,0.9998927760699952,0.00010722393000484054,10,0.0010850199969070545,tree_explainer,Random Forest,52.0,54.0
other_parties_co applicant,0.9999090702287187,9.092977128133395e-05,9,0.001244502118846699,tree_explainer,Random Forest,53.0,52.0
other_payment_plans_stores,0.9999264732491155,7.352675088445615e-05,8,0.0012164481117549393,tree_explainer,Random Forest,54.0,53.0
personal_status_male mar/wid,0.9999275526101116,7.244738988843036e-05,7,0.0009284314903101412,tree_explainer,Random Forest,55.0,56.0
foreign_worker_no,0.9999521479419143,4.7852058085662286e-05,6,0.0010794913372784076,tree_explainer,Random Forest,56.0,55.0
purpose_repairs,0.9999837245705353,1.6275429464696067e-05,5,0.0004885691152044736,tree_explainer,Random Forest,57.0,57.0
job_unemp/unskilled non res,0.9999864728016946,1.352719830538529e-05,4,0.0004619691208105394,tree_explainer,Random Forest,58.0,58.0
purpose_retraining,0.9999866121499181,1.3387850081869601e-05,3,0.00010108350314373675,tree_explainer,Random Forest,59.0,60.0
purpose_domestic appliance,0.9999895954851272,1.040451487277494e-05,2,0.00017094067861554073,tree_explainer,Random Forest,60.0,59.0
purpose_other,0.9999993617744688,6.382255312020746e-07,1,6.905800896808234e-05,tree_explainer,Random Forest,61.0,61.0
